-- MySQL dump 10.13  Distrib 8.0.21, for Win64 (x86_64)
--
-- Host: localhost    Database: todopisos_db
-- ------------------------------------------------------
-- Server version	8.0.21

/*!40101 SET @OLD_CHARACTER_SET_CLIENT=@@CHARACTER_SET_CLIENT */;
/*!40101 SET @OLD_CHARACTER_SET_RESULTS=@@CHARACTER_SET_RESULTS */;
/*!40101 SET @OLD_COLLATION_CONNECTION=@@COLLATION_CONNECTION */;
/*!50503 SET NAMES utf8 */;
/*!40103 SET @OLD_TIME_ZONE=@@TIME_ZONE */;
/*!40103 SET TIME_ZONE='+00:00' */;
/*!40014 SET @OLD_UNIQUE_CHECKS=@@UNIQUE_CHECKS, UNIQUE_CHECKS=0 */;
/*!40014 SET @OLD_FOREIGN_KEY_CHECKS=@@FOREIGN_KEY_CHECKS, FOREIGN_KEY_CHECKS=0 */;
/*!40101 SET @OLD_SQL_MODE=@@SQL_MODE, SQL_MODE='NO_AUTO_VALUE_ON_ZERO' */;
/*!40111 SET @OLD_SQL_NOTES=@@SQL_NOTES, SQL_NOTES=0 */;

--
-- Table structure for table `city`
--

DROP TABLE IF EXISTS `city`;
/*!40101 SET @saved_cs_client     = @@character_set_client */;
/*!50503 SET character_set_client = utf8mb4 */;
CREATE TABLE `city` (
  `cityId` int NOT NULL AUTO_INCREMENT,
  `dpmntId` int NOT NULL,
  `name` varchar(60) COLLATE utf8_spanish_ci NOT NULL,
  PRIMARY KEY (`cityId`),
  KEY `fk_city_department1_idx` (`dpmntId`),
  CONSTRAINT `fk_city_department1` FOREIGN KEY (`dpmntId`) REFERENCES `department` (`dpmntId`)
) ENGINE=InnoDB AUTO_INCREMENT=1121 DEFAULT CHARSET=utf8 COLLATE=utf8_spanish_ci;
/*!40101 SET character_set_client = @saved_cs_client */;

--
-- Dumping data for table `city`
--

LOCK TABLES `city` WRITE;
/*!40000 ALTER TABLE `city` DISABLE KEYS */;
INSERT INTO `city` VALUES (1,5,'MEDELLIN'),(2,8,'BARRANQUILLA'),(3,11,'BOGOTA, D.C.'),(4,13,'CARTAGENA'),(5,15,'TUNJA'),(6,17,'MANIZALES'),(7,18,'FLORENCIA'),(8,19,'POPAYAN'),(9,20,'VALLEDUPAR'),(10,23,'MONTERIA'),(11,25,'AGUA DE DIOS'),(12,27,'QUIBDO'),(13,41,'NEIVA'),(14,44,'RIOHACHA'),(15,47,'SANTA MARTA'),(16,50,'VILLAVICENCIO'),(17,52,'PASTO'),(18,54,'CUCUTA'),(19,63,'ARMENIA'),(20,66,'PEREIRA'),(21,68,'BUCARAMANGA'),(22,70,'SINCELEJO'),(23,73,'IBAGUE'),(24,76,'CALI'),(25,81,'ARAUCA'),(26,85,'YOPAL'),(27,86,'MOCOA'),(28,88,'SAN ANDRES'),(29,91,'LETICIA'),(30,94,'INIRIDA'),(31,95,'SAN JOSE DEL GUAVIAR'),(32,97,'MITU'),(33,99,'PUERTO CARRE¥O'),(34,5,'ABEJORRAL'),(35,54,'ABREGO'),(36,5,'ABRIAQUI'),(37,13,'ACHI'),(38,27,'ACANDI'),(39,41,'ACEVEDO'),(40,50,'ACACIAS'),(41,85,'AGUAZUL'),(42,20,'AGUACHICA'),(43,17,'AGUADAS'),(44,20,'AGUSTIN CODAZZI'),(45,41,'AGRADO'),(46,68,'AGUADA'),(47,85,'CHAMEZA'),(48,95,'CALAMAR'),(49,41,'AIPE'),(50,25,'ALBAN'),(51,52,'ALBAN'),(52,41,'ALGECIRAS'),(53,68,'ALBANIA'),(54,76,'ALCALA'),(55,5,'ALEJANDRIA'),(56,15,'ALMEIDA'),(57,19,'ALMAGUER'),(58,52,'ALDANA'),(59,73,'ALPUJARRA'),(60,27,'ALTO BAUDO'),(61,95,'EL RETORNO'),(62,41,'ALTAMIRA'),(63,73,'ALVARADO'),(64,18,'ALBANIA'),(65,5,'AMAGA'),(66,13,'ALTOS DEL ROSARIO'),(67,47,'ALGARROBO'),(68,73,'AMBALEMA'),(69,5,'AMALFI'),(70,20,'ASTREA'),(71,5,'ANDES'),(72,25,'ANAPOIMA'),(73,44,'ALBANIA'),(74,5,'ANGELOPOLIS'),(75,52,'ANCUYA'),(76,76,'ANDALUCIA'),(77,5,'ANGOSTURA'),(78,5,'ANORI'),(79,25,'ANOLAIMA'),(80,76,'ANSERMANUEVO'),(81,5,'SANTAFE DE ANTIOQUIA'),(82,13,'ARENAL'),(83,17,'ANSERMA'),(84,73,'ANZOATEGUI'),(85,5,'ANZA'),(86,5,'APARTADO'),(87,20,'BECERRIL'),(88,66,'APIA'),(89,15,'AQUITANIA'),(90,17,'ARANZAZU'),(91,19,'ARGELIA'),(92,27,'ATRATO'),(93,5,'ARBOLETES'),(94,15,'ARCABUCO'),(95,52,'ARBOLEDA'),(96,54,'ARBOLEDAS'),(97,68,'ARATOCA'),(98,13,'ARJONA'),(99,25,'ARBELAEZ'),(100,47,'ARACATACA'),(101,76,'ARGELIA'),(102,5,'ARGELIA'),(103,73,'ARMERO'),(104,47,'ARIGUANI'),(105,5,'ARMENIA'),(106,20,'BOSCONIA'),(107,13,'ARROYOHONDO'),(108,81,'ARAUQUITA'),(109,73,'ATACO'),(110,23,'AYAPEL'),(111,27,'BAGADO'),(112,13,'BARRANCO DE LOBA'),(113,19,'BALBOA'),(114,27,'BAHIA SOLANO'),(115,66,'BALBOA'),(116,27,'BAJO BAUDO'),(117,68,'BARBOSA'),(118,8,'BARANOA'),(119,41,'BARAYA'),(120,44,'BARRANCAS'),(121,5,'BARBOSA'),(122,23,'BUENAVISTA'),(123,52,'BARBACOAS'),(124,68,'BARICHARA'),(125,68,'BARRANCABERMEJA'),(126,52,'BELEN'),(127,5,'BELMIRA'),(128,25,'BELTRAN'),(129,15,'BELEN'),(130,5,'BELLO'),(131,17,'BELALCAZAR'),(132,66,'BELEN DE UMBRIA'),(133,15,'BERBEO'),(134,23,'CANALETE'),(135,44,'DIBULLA'),(136,5,'BETANIA'),(137,15,'BETEITIVA'),(138,68,'BETULIA'),(139,5,'BETULIA'),(140,18,'BELEN DE LOS ANDAQUI'),(141,25,'BITUIMA'),(142,15,'BOAVITA'),(143,44,'DISTRACCION'),(144,25,'BOJACA'),(145,27,'BOJAYA'),(146,54,'BOCHALEMA'),(147,19,'BOLIVAR'),(148,76,'BOLIVAR'),(149,5,'CIUDAD BOLIVAR'),(150,68,'BOLIVAR'),(151,15,'BOYACA'),(152,15,'BRICE¥O'),(153,5,'BRICE¥O'),(154,15,'BUENAVISTA'),(155,54,'BUCARASICA'),(156,76,'BUENAVENTURA'),(157,19,'BUENOS AIRES'),(158,44,'EL MOLINO'),(159,50,'BARRANCA DE UPIA'),(160,52,'BUESACO'),(161,70,'BUENAVISTA'),(162,63,'BUENAVISTA'),(163,76,'GUADALAJARA DE BUGA'),(164,5,'BURITICA'),(165,76,'BUGALAGRANDE'),(166,15,'BUSBANZA'),(167,5,'CACERES'),(168,25,'CABRERA'),(169,68,'CABRERA'),(170,76,'CAICEDONIA'),(171,25,'CACHIPAY'),(172,50,'CABUYARO'),(173,70,'CAIMITO'),(174,73,'CAJAMARCA'),(175,5,'CAICEDO'),(176,54,'CACOTA'),(177,85,'HATO COROZAL'),(178,25,'CAJICA'),(179,76,'CALIMA'),(180,54,'CACHIRA'),(181,5,'CALDAS'),(182,19,'CAJIBIO'),(183,63,'CALARCA'),(184,76,'CANDELARIA'),(185,15,'CALDAS'),(186,41,'CAMPOALEGRE'),(187,68,'CALIFORNIA'),(188,5,'CAMPAMENTO'),(189,15,'CAMPOHERMOSO'),(190,27,'EL CANTON DEL SAN PA'),(191,85,'LA SALINA'),(192,8,'CAMPO DE LA CRUZ'),(193,19,'CALDONO'),(194,5,'CA¥ASGORDAS'),(195,85,'MANI'),(196,13,'CALAMAR'),(197,8,'CANDELARIA'),(198,5,'CARACOLI'),(199,19,'CALOTO'),(200,5,'CARAMANTA'),(201,5,'CAREPA'),(202,68,'CAPITANEJO'),(203,76,'CARTAGO'),(204,5,'EL CARMEN DE VIBORAL'),(205,25,'CAPARRAPI'),(206,73,'CARMEN DE APICALA'),(207,5,'CAROLINA'),(208,18,'CARTAGENA DEL CHAIRA'),(209,27,'CARMEN DEL DARIEN'),(210,50,'CASTILLA LA NUEVA'),(211,25,'CAQUEZA'),(212,68,'CARCASI'),(213,73,'CASABIANCA'),(214,5,'CAUCASIA'),(215,25,'CARMEN DE CARUPA'),(216,13,'CANTAGALLO'),(217,27,'CERTEGUI'),(218,68,'CEPITA'),(219,47,'CERRO SAN ANTONIO'),(220,97,'CARURU'),(221,15,'CERINZA'),(222,23,'CERETE'),(223,68,'CERRITO'),(224,85,'MONTERREY'),(225,68,'CHARALA'),(226,23,'CHIMA'),(227,25,'CHAGUANI'),(228,73,'CHAPARRAL'),(229,68,'CHARTA'),(230,47,'CHIBOLO'),(231,66,'DOSQUEBRADAS'),(232,5,'CHIGORODO'),(233,15,'CHINAVITA'),(234,54,'CHINACOTA'),(235,17,'CHINCHINA'),(236,54,'CHITAGA'),(237,20,'CHIMICHAGUA'),(238,25,'CHIA'),(239,15,'CHIQUINQUIRA'),(240,68,'CHIMA'),(241,20,'CHIRIGUANA'),(242,25,'CHIPAQUE'),(243,68,'CHIPATA'),(244,15,'CHISCAS'),(245,25,'CHOACHI'),(246,23,'CHINU'),(247,15,'CHITA'),(248,25,'CHOCONTA'),(249,15,'CHITARAQUE'),(250,15,'CHIVATA'),(251,13,'CICUCO'),(252,15,'CIENEGA'),(253,23,'CIENAGA DE ORO'),(254,47,'CIENAGA'),(255,5,'CISNEROS'),(256,63,'CIRCASIA'),(257,68,'CIMITARRA'),(258,5,'COCORNA'),(259,25,'COGUA'),(260,73,'COELLO'),(261,95,'MIRAFLORES'),(262,52,'COLON'),(263,15,'COMBITA'),(264,70,'COLOSO'),(265,18,'CURILLO'),(266,27,'CONDOTO'),(267,47,'CONCORDIA'),(268,5,'CONCEPCION'),(269,41,'COLOMBIA'),(270,54,'CONVENCION'),(271,52,'CONSACA'),(272,68,'CONCEPCION'),(273,5,'CONCORDIA'),(274,68,'CONFINES'),(275,52,'CONTADERO'),(276,68,'CONTRATACION'),(277,5,'COPACABANA'),(278,13,'CORDOBA'),(279,15,'COPER'),(280,19,'CORINTO'),(281,63,'CORDOBA'),(282,25,'COTA'),(283,15,'CORRALES'),(284,52,'CORDOBA'),(285,70,'COROZAL'),(286,68,'COROMORO'),(287,73,'COYAIMA'),(288,15,'COVARACHIA'),(289,86,'COLON'),(290,81,'CRAVO NORTE'),(291,70,'COVE¥AS'),(292,13,'CLEMENCIA'),(293,15,'CUBARA'),(294,50,'CUBARRAL'),(295,54,'CUCUTILLA'),(296,15,'CUCAITA'),(297,25,'CUCUNUBA'),(298,52,'CUASPUD'),(299,85,'NUNCHIA'),(300,15,'CUITIVA'),(301,50,'CUMARAL'),(302,73,'CUNDAY'),(303,52,'CUMBAL'),(304,20,'CURUMANI'),(305,68,'CURITI'),(306,70,'CHALAN'),(307,85,'OROCUE'),(308,15,'CHIQUIZA'),(309,52,'CUMBITARA'),(310,70,'EL ROBLE'),(311,76,'DAGUA'),(312,5,'DABEIBA'),(313,68,'EL CARMEN DE CHUCURI'),(314,70,'GALERAS'),(315,15,'CHIVOR'),(316,73,'DOLORES'),(317,5,'DON MATIAS'),(318,15,'DUITAMA'),(319,20,'EL COPEY'),(320,54,'DURANIA'),(321,5,'EBEJICO'),(322,52,'CHACHAGsI'),(323,76,'EL AGUILA'),(324,13,'EL CARMEN DE BOLIVAR'),(325,15,'EL COCUY'),(326,41,'ELIAS'),(327,25,'EL COLEGIO'),(328,27,'EL CARMEN DE ATRATO'),(329,47,'EL BANCO'),(330,50,'EL CALVARIO'),(331,54,'EL CARMEN'),(332,68,'EL GUACAMAYO'),(333,76,'EL CAIRO'),(334,18,'EL DONCELLO'),(335,13,'EL GUAMO'),(336,15,'EL ESPINO'),(337,76,'EL CERRITO'),(338,5,'EL BAGRE'),(339,20,'EL PASO'),(340,27,'EL LITORAL DEL SAN J'),(341,52,'EL CHARCO'),(342,54,'EL TARRA'),(343,68,'EL PE¥ON'),(344,76,'EL DOVIO'),(345,85,'PAZ DE ARIPORO'),(346,50,'EL CASTILLO'),(347,52,'EL PE¥OL'),(348,68,'EL PLAYON'),(349,18,'EL PAUJIL'),(350,19,'EL TAMBO'),(351,52,'EL ROSARIO'),(352,25,'EL PE¥ON'),(353,47,'EL PI¥ON'),(354,52,'EL TABLON DE GOMEZ'),(355,25,'EL ROSAL'),(356,52,'EL TAMBO'),(357,54,'EL ZULIA'),(358,85,'PORE'),(359,91,'EL ENCANTO'),(360,5,'ENTRERRIOS'),(361,68,'ENCINO'),(362,70,'GUARANDA'),(363,5,'ENVIGADO'),(364,68,'ENCISO'),(365,13,'EL PE¥ON'),(366,47,'EL RETEN'),(367,73,'ESPINAL'),(368,25,'FACATATIVA'),(369,50,'EL DORADO'),(370,73,'FALAN'),(371,68,'FLORIAN'),(372,15,'FIRAVITOBA'),(373,17,'FILADELFIA'),(374,63,'FILANDIA'),(375,73,'FLANDES'),(376,76,'FLORIDA'),(377,15,'FLORESTA'),(378,68,'FLORIDABLANCA'),(379,25,'FOMEQUE'),(380,44,'FONSECA'),(381,85,'RECETOR'),(382,25,'FOSCA'),(383,5,'FREDONIA'),(384,73,'FRESNO'),(385,5,'FRONTINO'),(386,25,'FUNZA'),(387,50,'FUENTE DE ORO'),(388,52,'FUNES'),(389,25,'FUQUENE'),(390,47,'FUNDACION'),(391,19,'FLORENCIA'),(392,25,'FUSAGASUGA'),(393,15,'GACHANTIVA'),(394,25,'GACHALA'),(395,20,'GAMARRA'),(396,25,'GACHANCIPA'),(397,8,'GALAPA'),(398,15,'GAMEZA'),(399,68,'GALAN'),(400,25,'GACHETA'),(401,41,'GARZON'),(402,68,'GAMBITA'),(403,15,'GARAGOA'),(404,25,'GAMA'),(405,13,'HATILLO DE LOBA'),(406,19,'GUACHENE'),(407,23,'COTORRA'),(408,81,'FORTUL'),(409,85,'SABANALARGA'),(410,63,'GENOVA'),(411,5,'GIRALDO'),(412,41,'GIGANTE'),(413,76,'GINEBRA'),(414,25,'GIRARDOT'),(415,68,'GIRON'),(416,5,'GIRARDOTA'),(417,5,'GOMEZ PLATA'),(418,20,'GONZALEZ'),(419,25,'GRANADA'),(420,5,'GRANADA'),(421,50,'GRANADA'),(422,54,'GRAMALOTE'),(423,5,'GUADALUPE'),(424,85,'SACAMA'),(425,15,'GUACAMAYAS'),(426,25,'GUACHETA'),(427,52,'GUACHUCAL'),(428,5,'GUARNE'),(429,19,'GUAPI'),(430,47,'GUAMAL'),(431,50,'GUAMAL'),(432,66,'GUATICA'),(433,68,'GUACA'),(434,76,'GUACARI'),(435,41,'GUADALUPE'),(436,73,'GUAMO'),(437,25,'GUADUAS'),(438,52,'GUAITARILLA'),(439,68,'GUADALUPE'),(440,86,'ORITO'),(441,5,'GUATAPE'),(442,15,'GUATEQUE'),(443,25,'GUASCA'),(444,68,'GUAPOTA'),(445,52,'GUALMATAN'),(446,25,'GUATAQUI'),(447,68,'GUAVATA'),(448,15,'GUAYATA'),(449,50,'MAPIRIPAN'),(450,85,'SAN LUIS DE PALENQUE'),(451,25,'GUATAVITA'),(452,68,'GsEPSA'),(453,25,'GUAYABAL DE SIQUIMA'),(454,50,'MESETAS'),(455,15,'GsICAN'),(456,25,'GUAYABETAL'),(457,25,'GUTIERREZ'),(458,94,'BARRANCO MINAS'),(459,54,'HACARI'),(460,68,'HATO'),(461,5,'HELICONIA'),(462,54,'HERRAN'),(463,73,'HERVEO'),(464,41,'HOBO'),(465,73,'HONDA'),(466,23,'LA APARTADA'),(467,50,'LA MACARENA'),(468,52,'ILES'),(469,73,'ICONONZO'),(470,5,'HISPANIA'),(471,52,'IMUES'),(472,19,'INZA'),(473,52,'IPIALES'),(474,41,'IQUIRA'),(475,41,'ISNOS'),(476,5,'ITAGUI'),(477,5,'ITUANGO'),(478,27,'ISTMINA'),(479,15,'IZA'),(480,5,'JARDIN'),(481,19,'JAMBALO'),(482,76,'JAMUNDI'),(483,15,'JENESANO'),(484,5,'JERICO'),(485,15,'JERICO'),(486,25,'JERUSALEN'),(487,68,'JESUS MARIA'),(488,50,'URIBE'),(489,68,'JORDAN'),(490,8,'JUAN DE ACOSTA'),(491,25,'JUNIN'),(492,27,'JURADO'),(493,5,'LA CEJA'),(494,15,'LABRANZAGRANDE'),(495,25,'LA CALERA'),(496,54,'LABATECA'),(497,68,'LA BELLEZA'),(498,76,'LA CUMBRE'),(499,41,'LA ARGENTINA'),(500,44,'HATONUEVO'),(501,52,'LA CRUZ'),(502,5,'LA ESTRELLA'),(503,15,'LA CAPILLA'),(504,17,'LA DORADA'),(505,52,'LA FLORIDA'),(506,20,'LA GLORIA'),(507,66,'LA CELIA'),(508,52,'LA LLANADA'),(509,54,'LA ESPERANZA'),(510,68,'LANDAZURI'),(511,25,'LA MESA'),(512,17,'LA MERCED'),(513,5,'LA PINTADA'),(514,52,'LA TOLA'),(515,19,'LA SIERRA'),(516,25,'LA PALMA'),(517,41,'LA PLATA'),(518,19,'LA VEGA'),(519,68,'LA PAZ'),(520,25,'LA PE¥A'),(521,54,'LA PLAYA'),(522,52,'LA UNION'),(523,5,'LA UNION'),(524,20,'LA JAGUA DE IBIRICO'),(525,50,'LEJANIAS'),(526,66,'LA VIRGINIA'),(527,70,'LA UNION'),(528,76,'LA UNION'),(529,85,'TAMARA'),(530,15,'LA VICTORIA'),(531,63,'LA TEBAIDA'),(532,25,'LA VEGA'),(533,15,'LA UVITA'),(534,76,'LA VICTORIA'),(535,52,'LEIVA'),(536,54,'LOS PATIOS'),(537,91,'LA CHORRERA'),(538,68,'LEBRIJA'),(539,15,'VILLA DE LEYVA'),(540,25,'LENGUAZAQUE'),(541,91,'LA PEDRERA'),(542,73,'LERIDA'),(543,18,'LA MONTA¥ITA'),(544,85,'TAURAMENA'),(545,5,'LIBORINA'),(546,52,'LINARES'),(547,73,'LIBANO'),(548,27,'LLORO'),(549,23,'LORICA'),(550,19,'LOPEZ'),(551,52,'LOS ANDES'),(552,54,'LOURDES'),(553,68,'LOS SANTOS'),(554,70,'LOS PALMITOS'),(555,23,'LOS CORDOBAS'),(556,44,'LA JAGUA DEL PILAR'),(557,8,'LURUACO'),(558,5,'MACEO'),(559,15,'MACANAL'),(560,27,'MEDIO ATRATO'),(561,68,'MACARAVITA'),(562,25,'MACHETA'),(563,52,'MAGsI'),(564,70,'MAJAGUAL'),(565,13,'MAGANGUE'),(566,25,'MADRID'),(567,27,'MEDIO BAUDO'),(568,44,'MAICAO'),(569,85,'TRINIDAD'),(570,91,'LA VICTORIA'),(571,68,'MALAGA'),(572,8,'MALAMBO'),(573,13,'MAHATES'),(574,17,'MANZANARES'),(575,52,'MALLAMA'),(576,8,'MANATI'),(577,25,'MANTA'),(578,25,'MEDINA'),(579,5,'MARINILLA'),(580,13,'MARGARITA'),(581,66,'MARSELLA'),(582,85,'VILLANUEVA'),(583,13,'MARIA LA BAJA'),(584,15,'MARIPI'),(585,17,'MARMATO'),(586,20,'MANAURE'),(587,73,'MARIQUITA'),(588,17,'MARQUETALIA'),(589,68,'MATANZA'),(590,17,'MARULANDA'),(591,73,'MELGAR'),(592,19,'MERCADERES'),(593,27,'MEDIO SAN JUAN'),(594,50,'PUERTO CONCORDIA'),(595,15,'MIRAFLORES'),(596,19,'MIRANDA'),(597,66,'MISTRATO'),(598,13,'MONTECRISTO'),(599,18,'MILAN'),(600,47,'NUEVA GRANADA'),(601,91,'MIRITI - PARANA'),(602,73,'MURILLO'),(603,15,'MONGUA'),(604,23,'MOMIL'),(605,68,'MOGOTES'),(606,15,'MONGUI'),(607,23,'MONTELIBANO'),(608,5,'MONTEBELLO'),(609,13,'MOMPOS'),(610,68,'MOLAGAVITA'),(611,15,'MONIQUIRA'),(612,63,'MONTENEGRO'),(613,13,'MORALES'),(614,19,'MORALES'),(615,25,'MOSQUERA'),(616,52,'MOSQUERA'),(617,70,'MORROA'),(618,5,'MURINDO'),(619,15,'MOTAVITA'),(620,18,'MORELIA'),(621,5,'MUTATA'),(622,15,'MUZO'),(623,52,'NARI¥O'),(624,54,'MUTISCUA'),(625,5,'NARI¥O'),(626,25,'NARI¥O'),(627,41,'NATAGA'),(628,73,'NATAGAIMA'),(629,17,'NEIRA'),(630,25,'NEMOCON'),(631,25,'NILO'),(632,25,'NIMAIMA'),(633,5,'NECOCLI'),(634,13,'NOROSI'),(635,52,'OLAYA HERRERA'),(636,15,'NOBSA'),(637,25,'NOCAIMA'),(638,27,'NOVITA'),(639,15,'NUEVO COLON'),(640,5,'NECHI'),(641,17,'NORCASIA'),(642,27,'NUQUI'),(643,76,'OBANDO'),(644,54,'OCA¥A'),(645,68,'OCAMONTE'),(646,15,'OICATA'),(647,23,'MO¥ITOS'),(648,68,'OIBA'),(649,5,'OLAYA'),(650,68,'ONZAGA'),(651,41,'OPORAPA'),(652,73,'ORTEGA'),(653,25,'VENECIA'),(654,52,'OSPINA'),(655,15,'OTANCHE'),(656,70,'OVEJAS'),(657,15,'PACHAVITA'),(658,97,'PACOA'),(659,17,'PACORA'),(660,19,'PADILLA'),(661,25,'PACHO'),(662,15,'PAEZ'),(663,15,'PAIPA'),(664,19,'PAEZ'),(665,20,'PAILITAS'),(666,15,'PAJARITO'),(667,25,'PAIME'),(668,41,'PAICOL'),(669,54,'PAMPLONA'),(670,8,'PALMAR DE VARELA'),(671,52,'FRANCISCO PIZARRO'),(672,54,'PAMPLONITA'),(673,73,'PALOCABILDO'),(674,76,'PALMIRA'),(675,15,'PANQUEBA'),(676,68,'PALMAR'),(677,70,'PALMITO'),(678,17,'PALESTINA'),(679,25,'PANDI'),(680,41,'PALERMO'),(681,68,'PALMAS DEL SOCORRO'),(682,99,'LA PRIMAVERA'),(683,25,'PARATEBUENO'),(684,41,'PALESTINA'),(685,91,'PUERTO ALEGRIA'),(686,15,'PAUNA'),(687,19,'PATIA'),(688,15,'PAYA'),(689,19,'PIAMONTE'),(690,68,'PARAMO'),(691,25,'PASCA'),(692,91,'PUERTO ARICA'),(693,15,'PAZ DE RIO'),(694,52,'POLICARPA'),(695,91,'PUERTO NARI¥O'),(696,5,'PEÑOL'),(697,17,'PENSILVANIA'),(698,47,'PEDRAZA'),(699,15,'PESCA'),(700,5,'PEQUE'),(701,47,'PIJI¥O DEL CARMEN'),(702,68,'PIEDECUESTA'),(703,73,'PIEDRAS'),(704,19,'PIENDAMO'),(705,41,'PITAL'),(706,63,'PIJAO'),(707,8,'PIOJO'),(708,13,'PINILLOS'),(709,68,'PINCHOTE'),(710,15,'PISBA'),(711,20,'PELAYA'),(712,41,'PITALITO'),(713,47,'PIVIJAY'),(714,54,'PUERTO SANTANDER'),(715,23,'PLANETA RICA'),(716,47,'PLATO'),(717,73,'PLANADAS'),(718,8,'POLONUEVO'),(719,8,'PONEDERA'),(720,44,'MANAURE'),(721,52,'POTOSI'),(722,73,'PRADO'),(723,76,'PRADERA'),(724,88,'PROVIDENCIA'),(725,52,'PROVIDENCIA'),(726,50,'PUERTO GAITAN'),(727,86,'PUERTO ASIS'),(728,86,'PUERTO CAICEDO'),(729,20,'PUEBLO BELLO'),(730,23,'PUEBLO NUEVO'),(731,47,'PUEBLOVIEJO'),(732,86,'PUERTO GUZMAN'),(733,15,'PUERTO BOYACA'),(734,25,'PUERTO SALGAR'),(735,66,'PUEBLO RICO'),(736,68,'PUENTE NACIONAL'),(737,8,'PUERTO COLOMBIA'),(738,19,'PUERTO TEJADA'),(739,50,'PUERTO LOPEZ'),(740,52,'PUERRES'),(741,68,'PUERTO PARRA'),(742,86,'LEGUIZAMO'),(743,23,'PUERTO ESCONDIDO'),(744,68,'PUERTO WILCHES'),(745,5,'PUEBLORRICO'),(746,50,'PUERTO LLERAS'),(747,5,'PUERTO BERRIO'),(748,13,'REGIDOR'),(749,15,'QUIPAMA'),(750,23,'PUERTO LIBERTADOR'),(751,25,'PULI'),(752,27,'RIO IRO'),(753,5,'PUERTO NARE'),(754,19,'PURACE'),(755,52,'PUPIALES'),(756,73,'PURIFICACION'),(757,23,'PURISIMA'),(758,50,'PUERTO RICO'),(759,5,'PUERTO TRIUNFO'),(760,81,'PUERTO RONDON'),(761,18,'PUERTO RICO'),(762,25,'QUEBRADANEGRA'),(763,25,'QUETAME'),(764,63,'QUIMBAYA'),(765,66,'QUINCHIA'),(766,25,'QUIPILE'),(767,15,'RAMIRIQUI'),(768,25,'APULO'),(769,54,'RAGONVALIA'),(770,13,'RIO VIEJO'),(771,15,'RAQUIRA'),(772,27,'RIO QUITO'),(773,5,'REMEDIOS'),(774,47,'REMOLINO'),(775,8,'REPELON'),(776,50,'RESTREPO'),(777,76,'RESTREPO'),(778,5,'RETIRO'),(779,18,'SAN JOSE DEL FRAGUA'),(780,25,'RICAURTE'),(781,52,'RICAURTE'),(782,17,'RIOSUCIO'),(783,20,'RIO DE ORO'),(784,5,'RIONEGRO'),(785,27,'RIOSUCIO'),(786,41,'RIVERA'),(787,68,'RIONEGRO'),(788,17,'RISARALDA'),(789,73,'RIOBLANCO'),(790,76,'RIOFRIO'),(791,13,'SAN CRISTOBAL'),(792,15,'RONDON'),(793,20,'LA PAZ'),(794,52,'ROBERTO PAYAN'),(795,19,'ROSAS'),(796,73,'RONCESVALLES'),(797,76,'ROLDANILLO'),(798,73,'ROVIRA'),(799,99,'SANTA ROSALIA'),(800,5,'SABANALARGA'),(801,5,'SABANETA'),(802,15,'SABOYA'),(803,8,'SABANAGRANDE'),(804,8,'SABANALARGA'),(805,15,'SACHICA'),(806,5,'SALGAR'),(807,25,'SAN ANTONIO DEL TEQU'),(808,15,'SAMACA'),(809,5,'SAN ANDRES DE CUERQU'),(810,13,'SAN ESTANISLAO'),(811,5,'SAN CARLOS'),(812,25,'SAN BERNARDO'),(813,13,'SAN FERNANDO'),(814,44,'SAN JUAN DEL CESAR'),(815,5,'SAN FRANCISCO'),(816,17,'SALAMINA'),(817,25,'SAN CAYETANO'),(818,13,'SAN JACINTO'),(819,13,'SAN JACINTO DEL CAUC'),(820,68,'SABANA DE TORRES'),(821,5,'SAN JERONIMO'),(822,13,'SAN JUAN NEPOMUCENO'),(823,5,'SAN JOSE DE LA MONTA'),(824,25,'SAN FRANCISCO'),(825,5,'SAN JUAN DE URABA'),(826,5,'SAN LUIS'),(827,15,'SAN EDUARDO'),(828,23,'SAHAGUN'),(829,27,'SAN JOSE DEL PALMAR'),(830,41,'SALADOBLANCO'),(831,47,'SABANAS DE SAN ANGEL'),(832,54,'SALAZAR'),(833,17,'SAMANA'),(834,25,'SAN JUAN DE RIO SECO'),(835,94,'MAPIRIPANA'),(836,5,'SAN PEDRO'),(837,15,'SAN JOSE DE PARE'),(838,5,'SAN PEDRO DE URABA'),(839,17,'SAN JOSE'),(840,97,'TARAIRA'),(841,5,'SAN RAFAEL'),(842,13,'SAN MARTIN DE LOBA'),(843,15,'SAN LUIS DE GACENO'),(844,41,'SAN AGUSTIN'),(845,68,'SAN ANDRES'),(846,91,'PUERTO SANTANDER'),(847,5,'SAN ROQUE'),(848,13,'SAN PABLO'),(849,23,'SAN ANDRES SOTAVENTO'),(850,54,'SAN CALIXTO'),(851,70,'SAMPUES'),(852,76,'SAN PEDRO'),(853,73,'SALDA¥A'),(854,23,'SAN ANTERO'),(855,13,'SANTA CATALINA'),(856,15,'SAN MATEO'),(857,54,'SAN CAYETANO'),(858,68,'SAN BENITO'),(859,5,'SAN VICENTE'),(860,8,'SANTA LUCIA'),(861,23,'SAN BERNARDO DEL VIE'),(862,47,'SALAMINA'),(863,73,'SAN ANTONIO'),(864,15,'SAN MIGUEL DE SEMA'),(865,41,'SANTA MARIA'),(866,23,'SAN CARLOS'),(867,52,'SAMANIEGO'),(868,70,'SAN BENITO ABAD'),(869,73,'SAN LUIS'),(870,5,'SANTA BARBARA'),(871,68,'SAN GIL'),(872,50,'SAN CARLOS DE GUAROA'),(873,54,'SANTIAGO'),(874,15,'SAN PABLO DE BORBUR'),(875,66,'SANTA ROSA DE CABAL'),(876,68,'SAN JOAQUIN'),(877,13,'SANTA ROSA'),(878,50,'SAN JUAN DE ARAMA'),(879,52,'SANDONA'),(880,68,'SAN JOSE DE MIRANDA'),(881,8,'SANTO TOMAS'),(882,52,'SAN BERNARDO'),(883,5,'SANTA ROSA DE OSOS'),(884,15,'SANTANA'),(885,23,'SAN PELAYO'),(886,50,'SAN JUANITO'),(887,68,'SAN MIGUEL'),(888,73,'SANTA ISABEL'),(889,52,'SAN LORENZO'),(890,66,'SANTUARIO'),(891,13,'SANTA ROSA DEL SUR'),(892,50,'SAN MARTIN'),(893,68,'SAN VICENTE DE CHUCU'),(894,5,'SANTO DOMINGO'),(895,15,'SANTA MARIA'),(896,63,'SALENTO'),(897,47,'SAN SEBASTIAN DE BUE'),(898,15,'SANTA ROSA DE VITERB'),(899,19,'SAN SEBASTIAN'),(900,52,'SAN PABLO'),(901,52,'SAN PEDRO DE CARTAGO'),(902,15,'SANTA SOFIA'),(903,52,'SANTA BARBARA'),(904,5,'EL SANTUARIO'),(905,19,'SANTANDER DE QUILICH'),(906,52,'SANTACRUZ'),(907,19,'SANTA ROSA'),(908,70,'SAN JUAN DE BETULIA'),(909,47,'SAN ZENON'),(910,68,'SANTA BARBARA'),(911,47,'SANTA ANA'),(912,70,'SAN MARCOS'),(913,20,'SAN ALBERTO'),(914,50,'VISTAHERMOSA'),(915,70,'SAN ONOFRE'),(916,70,'SAN PEDRO'),(917,25,'SASAIMA'),(918,15,'SATIVANORTE'),(919,47,'SANTA BARBARA DE PIN'),(920,52,'SAPUYES'),(921,54,'SARDINATA'),(922,68,'SANTA HELENA DEL OPO'),(923,15,'SATIVASUR'),(924,5,'SEGOVIA'),(925,25,'SESQUILE'),(926,76,'SEVILLA'),(927,81,'SARAVENA'),(928,15,'SIACHOQUE'),(929,25,'SIBATE'),(930,70,'SAN LUIS DE SINCE'),(931,19,'SILVIA'),(932,25,'SILVANIA'),(933,54,'SILOS'),(934,13,'SIMITI'),(935,25,'SIMIJACA'),(936,27,'SIPI'),(937,47,'SITIONUEVO'),(938,68,'SIMACOTA'),(939,86,'SIBUNDOY'),(940,20,'SAN DIEGO'),(941,15,'SOATA'),(942,18,'SAN VICENTE DEL CAGU'),(943,25,'SOACHA'),(944,15,'SOCOTA'),(945,68,'SOCORRO'),(946,86,'SAN FRANCISCO'),(947,5,'SONSON'),(948,18,'SOLANO'),(949,15,'SOCHA'),(950,86,'SAN MIGUEL'),(951,8,'SOLEDAD'),(952,25,'SOPO'),(953,15,'SOGAMOSO'),(954,13,'SOPLAVIENTO'),(955,19,'SOTARA'),(956,86,'SANTIAGO'),(957,5,'SOPETRAN'),(958,15,'SOMONDOCO'),(959,15,'SORA'),(960,15,'SOTAQUIRA'),(961,15,'SORACA'),(962,25,'SUBACHOQUE'),(963,8,'SUAN'),(964,20,'SAN MARTIN'),(965,41,'SUAZA'),(966,68,'SUAITA'),(967,73,'SUAREZ'),(968,70,'SUCRE'),(969,25,'SUESCA'),(970,68,'SUCRE'),(971,99,'CUMARIBO'),(972,15,'SUSACON'),(973,15,'SUTAMARCHAN'),(974,17,'SUPIA'),(975,25,'SUPATA'),(976,97,'PAPUNAUA'),(977,15,'SUTATENZA'),(978,25,'SUSA'),(979,13,'TALAIGUA NUEVO'),(980,19,'SUAREZ'),(981,68,'SURATA'),(982,25,'SUTATAUSA'),(983,18,'SOLITA'),(984,19,'SUCRE'),(985,25,'TABIO'),(986,52,'TAMINANGO'),(987,20,'TAMALAMEQUE'),(988,27,'TADO'),(989,52,'TANGUA'),(990,5,'TAMESIS'),(991,5,'TARAZA'),(992,15,'TASCO'),(993,41,'TARQUI'),(994,5,'TARSO'),(995,25,'TAUSA'),(996,81,'TAME'),(997,25,'TENA'),(998,41,'TESALIA'),(999,15,'TENZA'),(1000,47,'TENERIFE'),(1001,91,'TARAPACA'),(1002,25,'TENJO'),(1003,41,'TELLO'),(1004,27,'UNGUIA'),(1005,54,'TEORAMA'),(1006,41,'TERUEL'),(1007,15,'TIBANA'),(1008,25,'TIBACUY'),(1009,15,'TIBASOSA'),(1010,19,'TIMBIO'),(1011,23,'TIERRALTA'),(1012,25,'TIBIRITA'),(1013,41,'TIMANA'),(1014,15,'TINJACA'),(1015,5,'TITIRIBI'),(1016,19,'TIMBIQUI'),(1017,13,'TIQUISIO'),(1018,15,'TIPACOQUE'),(1019,27,'UNION PANAMERICANA'),(1020,54,'TIBU'),(1021,15,'TOCA'),(1022,25,'TOCAIMA'),(1023,15,'TOGsI'),(1024,25,'TOCANCIPA'),(1025,5,'TOLEDO'),(1026,15,'TOPAGA'),(1027,54,'TOLEDO'),(1028,68,'TONA'),(1029,70,'SANTIAGO DE TOLU'),(1030,19,'TORIBIO'),(1031,15,'TOTA'),(1032,25,'TOPAIPI'),(1033,70,'TOLU VIEJO'),(1034,76,'TORO'),(1035,19,'TOTORO'),(1036,76,'TRUJILLO'),(1037,8,'TUBARA'),(1038,15,'TUNUNGUA'),(1039,76,'TULUA'),(1040,15,'TURMEQUE'),(1041,52,'SAN ANDRES DE TUMACO'),(1042,13,'TURBACO'),(1043,5,'TURBO'),(1044,15,'TUTA'),(1045,13,'TURBANA'),(1046,52,'TUQUERRES'),(1047,15,'TUTAZA'),(1048,25,'UBALA'),(1049,25,'UBAQUE'),(1050,5,'URAMITA'),(1051,15,'UMBITA'),(1052,25,'VILLA DE SAN DIEGO D'),(1053,19,'VILLA RICA'),(1054,25,'UNE'),(1055,76,'ULLOA'),(1056,5,'URRAO'),(1057,44,'URIBIA'),(1058,8,'USIACURI'),(1059,25,'UTICA'),(1060,5,'VALDIVIA'),(1061,73,'VALLE DE SAN JUAN'),(1062,23,'VALENCIA'),(1063,44,'URUMITA'),(1064,68,'VALLE DE SAN JOSE'),(1065,5,'VALPARAISO'),(1066,5,'VEGACHI'),(1067,18,'VALPARAISO'),(1068,5,'VENECIA'),(1069,15,'VENTAQUEMADA'),(1070,68,'VELEZ'),(1071,73,'VENADILLO'),(1072,25,'VERGARA'),(1073,76,'VERSALLES'),(1074,86,'VALLE DEL GUAMUEZ'),(1075,17,'VICTORIA'),(1076,25,'VIANI'),(1077,68,'VETAS'),(1078,76,'VIJES'),(1079,73,'VILLAHERMOSA'),(1080,25,'VILLAGOMEZ'),(1081,54,'VILLA CARO'),(1082,41,'VILLAVIEJA'),(1083,68,'VILLANUEVA'),(1084,5,'VIGIA DEL FUERTE'),(1085,13,'VILLANUEVA'),(1086,17,'VILLAMARIA'),(1087,25,'VILLAPINZON'),(1088,73,'VILLARRICA'),(1089,44,'VILLANUEVA'),(1090,54,'VILLA DEL ROSARIO'),(1091,25,'VILLETA'),(1092,17,'VITERBO'),(1093,25,'VIOTA'),(1094,15,'VIRACACHA'),(1095,94,'SAN FELIPE'),(1096,94,'PUERTO COLOMBIA'),(1097,5,'YALI'),(1098,25,'YACOPI'),(1099,41,'YAGUARA'),(1100,52,'YACUANQUER'),(1101,86,'VILLAGARZON'),(1102,94,'LA GUADALUPE'),(1103,94,'CACAHUAL'),(1104,5,'YARUMAL'),(1105,94,'PANA PANA'),(1106,94,'MORICHAL'),(1107,97,'YAVARATE'),(1108,5,'YOLOMBO'),(1109,76,'YOTOCO'),(1110,76,'YUMBO'),(1111,5,'YONDO'),(1112,13,'ZAMBRANO'),(1113,5,'ZARAGOZA'),(1114,68,'ZAPATOCA'),(1115,76,'ZARZAL'),(1116,15,'ZETAQUIRA'),(1117,25,'ZIPACON'),(1118,25,'ZIPAQUIRA'),(1119,47,'ZAPAYAN'),(1120,47,'ZONA BANANERA');
/*!40000 ALTER TABLE `city` ENABLE KEYS */;
UNLOCK TABLES;

--
-- Table structure for table `department`
--

DROP TABLE IF EXISTS `department`;
/*!40101 SET @saved_cs_client     = @@character_set_client */;
/*!50503 SET character_set_client = utf8mb4 */;
CREATE TABLE `department` (
  `dpmntId` int NOT NULL AUTO_INCREMENT,
  `name` varchar(60) COLLATE utf8_spanish_ci NOT NULL,
  PRIMARY KEY (`dpmntId`)
) ENGINE=InnoDB AUTO_INCREMENT=100 DEFAULT CHARSET=utf8 COLLATE=utf8_spanish_ci;
/*!40101 SET character_set_client = @saved_cs_client */;

--
-- Dumping data for table `department`
--

LOCK TABLES `department` WRITE;
/*!40000 ALTER TABLE `department` DISABLE KEYS */;
INSERT INTO `department` VALUES (5,'ANTIOQUIA'),(8,'ATLANTICO'),(11,'BOGOTA'),(13,'BOLIVAR'),(15,'BOYACA'),(17,'CALDAS'),(18,'CAQUETA'),(19,'CAUCA'),(20,'CESAR'),(23,'CORDOBA'),(25,'CUNDINAMARCA'),(27,'CHOCO'),(41,'HUILA'),(44,'LA GUAJIRA'),(47,'MAGDALENA'),(50,'META'),(52,'NARINIO'),(54,'N. DE SANTANDER'),(63,'QUINDIO'),(66,'RISARALDA'),(68,'SANTANDER'),(70,'SUCRE'),(73,'TOLIMA'),(76,'VALLE DEL CAUCA'),(81,'ARAUCA'),(85,'CASANARE'),(86,'PUTUMAYO'),(88,'SAN ANDRES'),(91,'AMAZONAS'),(94,'GUAINIA'),(95,'GUAVIARE'),(97,'VAUPES'),(99,'VICHADA');
/*!40000 ALTER TABLE `department` ENABLE KEYS */;
UNLOCK TABLES;

--
-- Table structure for table `documenttype`
--

DROP TABLE IF EXISTS `documenttype`;
/*!40101 SET @saved_cs_client     = @@character_set_client */;
/*!50503 SET character_set_client = utf8mb4 */;
CREATE TABLE `documenttype` (
  `documentTypeId` int NOT NULL AUTO_INCREMENT,
  `name` varchar(45) COLLATE utf8_spanish_ci NOT NULL,
  `abbreviation` varchar(5) COLLATE utf8_spanish_ci NOT NULL,
  PRIMARY KEY (`documentTypeId`)
) ENGINE=InnoDB AUTO_INCREMENT=6 DEFAULT CHARSET=utf8 COLLATE=utf8_spanish_ci;
/*!40101 SET character_set_client = @saved_cs_client */;

--
-- Dumping data for table `documenttype`
--

LOCK TABLES `documenttype` WRITE;
/*!40000 ALTER TABLE `documenttype` DISABLE KEYS */;
INSERT INTO `documenttype` VALUES (1,'CEDULA DE CIUDADANIA','CC'),(2,'CEDULA DE EXTRANJERIA','CE'),(3,'PASAPORTE','PAS'),(4,'TARJETA DE IDENTIDAD','TI'),(5,'NIT','NIT');
/*!40000 ALTER TABLE `documenttype` ENABLE KEYS */;
UNLOCK TABLES;

--
-- Table structure for table `galeryimage`
--

DROP TABLE IF EXISTS `galeryimage`;
/*!40101 SET @saved_cs_client     = @@character_set_client */;
/*!50503 SET character_set_client = utf8mb4 */;
CREATE TABLE `galeryimage` (
  `galeryImageId` int NOT NULL AUTO_INCREMENT,
  `productLineId` int NOT NULL,
  `name` varchar(60) COLLATE utf8_spanish_ci NOT NULL,
  `description` text COLLATE utf8_spanish_ci NOT NULL,
  `url` varchar(100) COLLATE utf8_spanish_ci NOT NULL,
  `date` datetime NOT NULL,
  `status` varchar(45) COLLATE utf8_spanish_ci NOT NULL,
  PRIMARY KEY (`galeryImageId`),
  KEY `fk_galeryImage_product_line1_idx` (`productLineId`),
  CONSTRAINT `fk_galeryImage_product_line1` FOREIGN KEY (`productLineId`) REFERENCES `product_line` (`productLineId`)
) ENGINE=InnoDB DEFAULT CHARSET=utf8 COLLATE=utf8_spanish_ci;
/*!40101 SET character_set_client = @saved_cs_client */;

--
-- Dumping data for table `galeryimage`
--

LOCK TABLES `galeryimage` WRITE;
/*!40000 ALTER TABLE `galeryimage` DISABLE KEYS */;
/*!40000 ALTER TABLE `galeryimage` ENABLE KEYS */;
UNLOCK TABLES;

--
-- Table structure for table `menu`
--

DROP TABLE IF EXISTS `menu`;
/*!40101 SET @saved_cs_client     = @@character_set_client */;
/*!50503 SET character_set_client = utf8mb4 */;
CREATE TABLE `menu` (
  `menuId` int NOT NULL AUTO_INCREMENT,
  `name` varchar(45) COLLATE utf8_spanish_ci NOT NULL,
  `link` varchar(45) COLLATE utf8_spanish_ci NOT NULL,
  `i_class` varchar(45) COLLATE utf8_spanish_ci NOT NULL,
  `date` datetime NOT NULL,
  `status` varchar(45) COLLATE utf8_spanish_ci NOT NULL,
  PRIMARY KEY (`menuId`)
) ENGINE=InnoDB AUTO_INCREMENT=10 DEFAULT CHARSET=utf8 COLLATE=utf8_spanish_ci;
/*!40101 SET character_set_client = @saved_cs_client */;

--
-- Dumping data for table `menu`
--

LOCK TABLES `menu` WRITE;
/*!40000 ALTER TABLE `menu` DISABLE KEYS */;
INSERT INTO `menu` VALUES (1,'INICIO','/app/administrator','nav-icon fas fa-home','2021-09-22 07:41:08','ACTIVO'),(2,'SERVICIOS','/app/productos','nav-icon far fa-image','2021-09-22 07:41:08','ACTIVO'),(3,'CLIENTES','/app/clientes','nav-icon fas fa-users','2021-09-22 07:41:08','ACTIVO'),(4,'COTIZACIONES','/app/cotizaciones','nav-icon fas fa-list','2021-09-22 07:41:08','ACTIVO'),(5,'REMISIONES','/app/remisiones','nav-icon fas fa-file-invoice','2021-09-22 07:41:08','ACTIVO'),(6,'MIS COTIZACIONES','/app/mis-cotizaciones','nav-icon fas fa-list','2021-09-22 07:41:08','ACTIVO'),(7,'INICIO','/app/customer','nav-icon fas fa-home','2021-09-22 07:43:00','ACTIVO'),(8,'QUIENES SOMOS','/app/quienes-somos','nav-icon fas fa-sitemap','2021-09-22 19:17:00','ACTIVO'),(9,'MIS FACTURAS','/app/mis-facturas','nav-icon fas fa-file-invoice','2021-09-23 15:48:00','ACTIVO');
/*!40000 ALTER TABLE `menu` ENABLE KEYS */;
UNLOCK TABLES;

--
-- Table structure for table `product`
--

DROP TABLE IF EXISTS `product`;
/*!40101 SET @saved_cs_client     = @@character_set_client */;
/*!50503 SET character_set_client = utf8mb4 */;
CREATE TABLE `product` (
  `productId` int NOT NULL AUTO_INCREMENT,
  `productLineId` int NOT NULL,
  `name` varchar(60) COLLATE utf8_spanish_ci NOT NULL,
  `description` varchar(100) COLLATE utf8_spanish_ci DEFAULT NULL,
  `img` varchar(100) COLLATE utf8_spanish_ci DEFAULT NULL,
  `outstanding` varchar(5) COLLATE utf8_spanish_ci DEFAULT 'NO',
  `date` datetime NOT NULL,
  `status` varchar(45) COLLATE utf8_spanish_ci NOT NULL COMMENT 'destacado',
  PRIMARY KEY (`productId`),
  KEY `fk_product_product_line1_idx` (`productLineId`),
  CONSTRAINT `fk_product_product_line1` FOREIGN KEY (`productLineId`) REFERENCES `product_line` (`productLineId`)
) ENGINE=InnoDB AUTO_INCREMENT=5 DEFAULT CHARSET=utf8 COLLATE=utf8_spanish_ci;
/*!40101 SET character_set_client = @saved_cs_client */;

--
-- Dumping data for table `product`
--

LOCK TABLES `product` WRITE;
/*!40000 ALTER TABLE `product` DISABLE KEYS */;
INSERT INTO `product` VALUES (1,1,'PRODUCTO 0','DESCRIPCION','assets/img/products//WhatsApp Image 2021-10-06 at 1.40.08 PM.jpeg','NO','2021-09-23 11:14:01','ACTIVO'),(2,2,'PRODUCTO 2','DESCRIPCION','assets/img/products//linea_cortinas.jpg','SI','2021-09-23 12:28:41','ACTIVO'),(3,2,'PRODUCTO 3','DESCRIPCION','assets/img/products//pisos-1.jpg','SI','2021-09-23 12:30:50','ACTIVO'),(4,3,'PRODUCTO 4','DESCRIPCION','assets/img/products//linea_escaleras.jpg','SI','2021-09-23 12:31:20','ACTIVO');
/*!40000 ALTER TABLE `product` ENABLE KEYS */;
UNLOCK TABLES;

--
-- Table structure for table `product_line`
--

DROP TABLE IF EXISTS `product_line`;
/*!40101 SET @saved_cs_client     = @@character_set_client */;
/*!50503 SET character_set_client = utf8mb4 */;
CREATE TABLE `product_line` (
  `productLineId` int NOT NULL AUTO_INCREMENT,
  `name` varchar(45) COLLATE utf8_spanish_ci NOT NULL,
  `description` text COLLATE utf8_spanish_ci NOT NULL,
  `img` varchar(100) COLLATE utf8_spanish_ci DEFAULT NULL,
  `date` datetime NOT NULL,
  `status` varchar(45) COLLATE utf8_spanish_ci NOT NULL,
  PRIMARY KEY (`productLineId`)
) ENGINE=InnoDB AUTO_INCREMENT=11 DEFAULT CHARSET=utf8 COLLATE=utf8_spanish_ci;
/*!40101 SET character_set_client = @saved_cs_client */;

--
-- Dumping data for table `product_line`
--

LOCK TABLES `product_line` WRITE;
/*!40000 ALTER TABLE `product_line` DISABLE KEYS */;
INSERT INTO `product_line` VALUES (1,'LÍNEA DE PISOS','Contamos con una selección de pisos en madera a su gusto.','assets/img//linea_pisos.jpg','2021-09-21 16:54:42','ACTIVO'),(2,'LÍNEA DE CORTINAS','Nuestros diseños le dan un toque especial a sus espacio.','assets/img//linea_cortinas.jpg','2021-09-21 16:54:42','ACTIVO'),(3,'LÍNEA DE ESCALERAS','Elije el diseño que más elegante que resalte tu hogar.','assets/img/linea_escaleras.jpg','2021-09-21 16:54:42','ACTIVO'),(10,'NUEVO SERVICIO','DESCRIPCION DE PRUEBA','assets/img//liberty.png','2021-09-22 17:32:06','ACTIVO');
/*!40000 ALTER TABLE `product_line` ENABLE KEYS */;
UNLOCK TABLES;

--
-- Table structure for table `profile`
--

DROP TABLE IF EXISTS `profile`;
/*!40101 SET @saved_cs_client     = @@character_set_client */;
/*!50503 SET character_set_client = utf8mb4 */;
CREATE TABLE `profile` (
  `profileId` int NOT NULL AUTO_INCREMENT,
  `name` varchar(60) COLLATE utf8_spanish_ci NOT NULL,
  `description` varchar(100) COLLATE utf8_spanish_ci NOT NULL,
  `status` varchar(45) COLLATE utf8_spanish_ci NOT NULL,
  PRIMARY KEY (`profileId`)
) ENGINE=InnoDB AUTO_INCREMENT=3 DEFAULT CHARSET=utf8 COLLATE=utf8_spanish_ci;
/*!40101 SET character_set_client = @saved_cs_client */;

--
-- Dumping data for table `profile`
--

LOCK TABLES `profile` WRITE;
/*!40000 ALTER TABLE `profile` DISABLE KEYS */;
INSERT INTO `profile` VALUES (1,'ADMINISTRADOR','ADMINISTRAR CARACTERISTICAS VISUALES Y DE NEGOCIO','ACTIVO'),(2,'CLIENTE','CLIENTE DEL NEGOCIO','ACTIVO');
/*!40000 ALTER TABLE `profile` ENABLE KEYS */;
UNLOCK TABLES;

--
-- Table structure for table `profile_menu`
--

DROP TABLE IF EXISTS `profile_menu`;
/*!40101 SET @saved_cs_client     = @@character_set_client */;
/*!50503 SET character_set_client = utf8mb4 */;
CREATE TABLE `profile_menu` (
  `profileMenuId` int NOT NULL AUTO_INCREMENT,
  `profileId` int NOT NULL,
  `menuId` int NOT NULL,
  `order_by` int NOT NULL,
  `date` datetime NOT NULL,
  `status` varchar(45) COLLATE utf8_spanish_ci NOT NULL,
  PRIMARY KEY (`profileMenuId`),
  KEY `fk_profile_menu_menu1_idx` (`menuId`),
  KEY `fk_profile_menu_profile1_idx` (`profileId`),
  CONSTRAINT `fk_profile_menu_menu1` FOREIGN KEY (`menuId`) REFERENCES `menu` (`menuId`),
  CONSTRAINT `fk_profile_menu_profile1` FOREIGN KEY (`profileId`) REFERENCES `profile` (`profileId`)
) ENGINE=InnoDB AUTO_INCREMENT=10 DEFAULT CHARSET=utf8 COLLATE=utf8_spanish_ci;
/*!40101 SET character_set_client = @saved_cs_client */;

--
-- Dumping data for table `profile_menu`
--

LOCK TABLES `profile_menu` WRITE;
/*!40000 ALTER TABLE `profile_menu` DISABLE KEYS */;
INSERT INTO `profile_menu` VALUES (1,1,1,1,'2021-09-22 07:44:46','ACTIVO'),(2,1,2,2,'2021-09-22 07:44:46','ACTIVO'),(3,1,3,3,'2021-09-22 07:44:46','ACTIVO'),(4,1,4,4,'2021-09-22 07:44:46','ACTIVO'),(5,1,5,5,'2021-09-22 07:44:46','INACTIVO'),(6,2,7,1,'2021-09-22 07:44:46','ACTIVO'),(7,2,6,2,'2021-09-22 07:44:46','ACTIVO'),(8,1,8,5,'2021-09-22 19:20:00','ACTIVO'),(9,2,9,3,'2021-09-22 15:49:00','ACTIVO');
/*!40000 ALTER TABLE `profile_menu` ENABLE KEYS */;
UNLOCK TABLES;

--
-- Table structure for table `quotation`
--

DROP TABLE IF EXISTS `quotation`;
/*!40101 SET @saved_cs_client     = @@character_set_client */;
/*!50503 SET character_set_client = utf8mb4 */;
CREATE TABLE `quotation` (
  `quotationId` int NOT NULL AUTO_INCREMENT,
  `userId` int NOT NULL,
  `total` double NOT NULL,
  `customerObservations` text COLLATE utf8_spanish_ci,
  `observations` text COLLATE utf8_spanish_ci,
  `date` datetime NOT NULL,
  `status` varchar(45) COLLATE utf8_spanish_ci NOT NULL,
  PRIMARY KEY (`quotationId`),
  KEY `fk_quotation_user1_idx` (`userId`),
  CONSTRAINT `fk_quotation_user1` FOREIGN KEY (`userId`) REFERENCES `user` (`userId`)
) ENGINE=InnoDB AUTO_INCREMENT=47 DEFAULT CHARSET=utf8 COLLATE=utf8_spanish_ci;
/*!40101 SET character_set_client = @saved_cs_client */;

--
-- Dumping data for table `quotation`
--

LOCK TABLES `quotation` WRITE;
/*!40000 ALTER TABLE `quotation` DISABLE KEYS */;
INSERT INTO `quotation` VALUES (11,77,0,'COMENTARIOS GENERALES','','2021-09-26 15:29:33','PENDIENTE'),(12,77,0,'COMENTARIOS GENERALES','','2021-09-26 15:37:30','PENDIENTE'),(13,77,0,'COMENTARIOS GENERALES','','2021-09-26 15:58:30','PENDIENTE'),(14,77,0,NULL,'','2021-09-26 15:59:43','PENDIENTE'),(15,77,0,NULL,'','2021-09-26 16:00:18','PENDIENTE'),(16,77,0,NULL,'','2021-09-26 16:00:38','PENDIENTE'),(17,77,0,NULL,'','2021-09-26 16:04:05','PENDIENTE'),(18,77,0,NULL,'','2021-09-26 16:05:57','PENDIENTE'),(19,77,0,NULL,'','2021-09-26 16:08:00','PENDIENTE'),(20,77,0,NULL,'','2021-09-26 16:08:16','PENDIENTE'),(21,77,0,NULL,'','2021-09-26 16:08:30','PENDIENTE'),(22,77,0,NULL,'','2021-09-27 10:21:00','PENDIENTE'),(23,77,0,NULL,'','2021-09-27 10:21:59','PENDIENTE'),(24,77,0,NULL,'','2021-09-27 10:57:28','PENDIENTE'),(25,77,0,NULL,'','2021-09-27 10:58:55','PENDIENTE'),(26,77,0,NULL,'','2021-09-27 11:17:37','PENDIENTE'),(27,77,0,NULL,'','2021-09-27 11:20:32','PENDIENTE'),(28,77,0,NULL,'','2021-09-27 11:24:01','PENDIENTE'),(29,77,0,NULL,'','2021-09-27 11:29:55','PENDIENTE'),(30,77,0,NULL,'','2021-09-27 11:30:47','PENDIENTE'),(31,77,0,NULL,'','2021-09-27 14:54:24','PENDIENTE'),(32,77,0,NULL,'','2021-09-27 14:55:43','PENDIENTE'),(33,77,0,NULL,'','2021-09-27 14:55:55','PENDIENTE'),(34,77,0,NULL,'','2021-09-27 14:56:45','PENDIENTE'),(35,77,0,NULL,'','2021-09-27 14:57:03','PENDIENTE'),(36,77,0,NULL,'','2021-09-27 15:00:49','PENDIENTE'),(37,77,0,NULL,'','2021-09-27 15:00:55','PENDIENTE'),(38,77,0,NULL,'','2021-09-27 15:01:12','PENDIENTE'),(39,77,0,NULL,'','2021-09-27 15:01:42','PENDIENTE'),(40,77,0,NULL,'','2021-09-27 15:02:38','PENDIENTE'),(41,77,0,NULL,'','2021-09-27 15:03:13','PENDIENTE'),(42,77,0,NULL,'','2021-09-27 15:14:20','PENDIENTE'),(43,77,0,'COMENTARIOS GENERALES DEL CLIENTE','','2021-09-27 15:24:19','PENDIENTE'),(44,77,0,'OBSERVACIONES GENERALES ADICIONALES PARA LA COTIZACION','','2021-09-27 19:13:25','PENDIENTE'),(45,77,0,NULL,'','2021-10-07 10:37:17','PENDIENTE'),(46,77,0,NULL,'','2021-10-07 10:37:20','PENDIENTE');
/*!40000 ALTER TABLE `quotation` ENABLE KEYS */;
UNLOCK TABLES;

--
-- Table structure for table `quotationdetail`
--

DROP TABLE IF EXISTS `quotationdetail`;
/*!40101 SET @saved_cs_client     = @@character_set_client */;
/*!50503 SET character_set_client = utf8mb4 */;
CREATE TABLE `quotationdetail` (
  `quotationDetailId` int NOT NULL AUTO_INCREMENT,
  `quotationId` int NOT NULL,
  `productId` int NOT NULL,
  `customerComments` text COLLATE utf8_spanish_ci,
  `description` text COLLATE utf8_spanish_ci,
  `unitPrice` double NOT NULL,
  `quantity` double NOT NULL,
  `totalPrice` double NOT NULL,
  PRIMARY KEY (`quotationDetailId`),
  KEY `fk_quotationDetail_product1_idx` (`productId`),
  KEY `fk_quotationDetail_quotation1_idx` (`quotationId`),
  CONSTRAINT `fk_quotationDetail_product1` FOREIGN KEY (`productId`) REFERENCES `product` (`productId`),
  CONSTRAINT `fk_quotationDetail_quotation1` FOREIGN KEY (`quotationId`) REFERENCES `quotation` (`quotationId`)
) ENGINE=InnoDB AUTO_INCREMENT=88 DEFAULT CHARSET=utf8 COLLATE=utf8_spanish_ci;
/*!40101 SET character_set_client = @saved_cs_client */;

--
-- Dumping data for table `quotationdetail`
--

LOCK TABLES `quotationdetail` WRITE;
/*!40000 ALTER TABLE `quotationdetail` DISABLE KEYS */;
INSERT INTO `quotationdetail` VALUES (15,11,1,'COMENTARIO DEL PRODUCTO UNO','',0,0,0),(16,11,2,'COMENTARIO DEL PRODUCTO DOS','',0,0,0),(17,12,1,'COMENTARIO DEL PRODUCTO UNO','',0,0,0),(18,12,2,'COMENTARIO DEL PRODUCTO DOS','',0,0,0),(19,13,1,'COMENTARIO DEL PRODUCTO UNO','',0,0,0),(20,13,2,'COMENTARIO DEL PRODUCTO DOS','',0,0,0),(21,14,1,NULL,'',0,0,0),(22,14,2,NULL,'',0,0,0),(23,15,1,NULL,'',0,0,0),(24,15,2,NULL,'',0,0,0),(25,16,1,NULL,'',0,0,0),(26,16,2,NULL,'',0,0,0),(27,17,1,NULL,'',0,0,0),(28,17,2,NULL,'',0,0,0),(29,18,1,NULL,'',0,0,0),(30,18,2,NULL,'',0,0,0),(31,19,1,NULL,'',0,0,0),(32,19,2,NULL,'',0,0,0),(33,20,1,NULL,'',0,0,0),(34,20,2,NULL,'',0,0,0),(35,21,1,NULL,'',0,0,0),(36,21,2,NULL,'',0,0,0),(37,22,1,NULL,'',0,0,0),(38,22,2,NULL,'',0,0,0),(39,23,1,NULL,'',0,0,0),(40,23,2,NULL,'',0,0,0),(41,24,1,NULL,'',0,0,0),(42,24,2,NULL,'',0,0,0),(43,25,1,NULL,'',0,0,0),(44,25,2,NULL,'',0,0,0),(45,26,1,NULL,'',0,0,0),(46,26,2,NULL,'',0,0,0),(47,27,1,NULL,'',0,0,0),(48,27,2,NULL,'',0,0,0),(49,28,1,NULL,'',0,0,0),(50,28,2,NULL,'',0,0,0),(51,29,1,NULL,'',0,0,0),(52,29,2,NULL,'',0,0,0),(53,30,1,NULL,'',0,0,0),(54,30,2,NULL,'',0,0,0),(55,31,1,NULL,'',0,0,0),(56,31,2,NULL,'',0,0,0),(57,32,1,NULL,'',0,0,0),(58,32,2,NULL,'',0,0,0),(59,33,1,NULL,'',0,0,0),(60,33,2,NULL,'',0,0,0),(61,34,1,NULL,'',0,0,0),(62,34,2,NULL,'',0,0,0),(63,35,1,NULL,'',0,0,0),(64,35,2,NULL,'',0,0,0),(65,36,1,NULL,'',0,0,0),(66,36,2,NULL,'',0,0,0),(67,37,1,NULL,'',0,0,0),(68,37,2,NULL,'',0,0,0),(69,38,1,NULL,'',0,0,0),(70,38,2,NULL,'',0,0,0),(71,39,1,NULL,'',0,0,0),(72,39,2,NULL,'',0,0,0),(73,40,1,NULL,'',0,0,0),(74,40,2,NULL,'',0,0,0),(75,41,1,NULL,'',0,0,0),(76,41,2,NULL,'',0,0,0),(77,42,1,NULL,'',0,0,0),(78,42,2,NULL,'',0,0,0),(79,43,1,NULL,'',0,0,0),(80,43,2,NULL,'',0,0,0),(81,44,1,'DESCRIPCION 1','',0,5,0),(82,44,2,'DESCRIPCION 2','',0,2,0),(83,44,3,'DESCRIPCION 3','',0,7,0),(84,45,1,'ESTE EN AZUL','',0,1,0),(85,45,2,NULL,'',0,1,0),(86,46,1,'ESTE EN AZUL','',0,1,0),(87,46,2,NULL,'',0,1,0);
/*!40000 ALTER TABLE `quotationdetail` ENABLE KEYS */;
UNLOCK TABLES;

--
-- Table structure for table `sale`
--

DROP TABLE IF EXISTS `sale`;
/*!40101 SET @saved_cs_client     = @@character_set_client */;
/*!50503 SET character_set_client = utf8mb4 */;
CREATE TABLE `sale` (
  `idSale` int NOT NULL AUTO_INCREMENT,
  `userId` int NOT NULL,
  `totalSale` double DEFAULT NULL,
  `credit` double DEFAULT NULL,
  `balance` double DEFAULT NULL,
  `date` datetime DEFAULT NULL,
  `status` varchar(45) COLLATE utf8_spanish_ci DEFAULT NULL,
  PRIMARY KEY (`idSale`),
  KEY `fk_sale_user1_idx` (`userId`),
  CONSTRAINT `fk_sale_user1` FOREIGN KEY (`userId`) REFERENCES `user` (`userId`)
) ENGINE=InnoDB DEFAULT CHARSET=utf8 COLLATE=utf8_spanish_ci;
/*!40101 SET character_set_client = @saved_cs_client */;

--
-- Dumping data for table `sale`
--

LOCK TABLES `sale` WRITE;
/*!40000 ALTER TABLE `sale` DISABLE KEYS */;
/*!40000 ALTER TABLE `sale` ENABLE KEYS */;
UNLOCK TABLES;

--
-- Table structure for table `saledetail`
--

DROP TABLE IF EXISTS `saledetail`;
/*!40101 SET @saved_cs_client     = @@character_set_client */;
/*!50503 SET character_set_client = utf8mb4 */;
CREATE TABLE `saledetail` (
  `idSaleDetail` int NOT NULL AUTO_INCREMENT,
  `idSale` int NOT NULL,
  `idProduct` int NOT NULL,
  `description` text COLLATE utf8_spanish_ci,
  `unitPrice` double DEFAULT NULL,
  `quantity` double DEFAULT NULL,
  `totalPrice` double DEFAULT NULL,
  PRIMARY KEY (`idSaleDetail`),
  KEY `fk_sailDetail_sale1_idx` (`idSale`),
  KEY `fk_saleDetail_product1_idx` (`idProduct`),
  CONSTRAINT `fk_sailDetail_sale1` FOREIGN KEY (`idSale`) REFERENCES `sale` (`idSale`),
  CONSTRAINT `fk_saleDetail_product1` FOREIGN KEY (`idProduct`) REFERENCES `product` (`productId`)
) ENGINE=InnoDB DEFAULT CHARSET=utf8 COLLATE=utf8_spanish_ci COMMENT='		';
/*!40101 SET character_set_client = @saved_cs_client */;

--
-- Dumping data for table `saledetail`
--

LOCK TABLES `saledetail` WRITE;
/*!40000 ALTER TABLE `saledetail` DISABLE KEYS */;
/*!40000 ALTER TABLE `saledetail` ENABLE KEYS */;
UNLOCK TABLES;

--
-- Table structure for table `user`
--

DROP TABLE IF EXISTS `user`;
/*!40101 SET @saved_cs_client     = @@character_set_client */;
/*!50503 SET character_set_client = utf8mb4 */;
CREATE TABLE `user` (
  `userId` int NOT NULL AUTO_INCREMENT,
  `documentTypeId` int NOT NULL,
  `docNum` double NOT NULL,
  `profileId` int NOT NULL,
  `name` varchar(60) COLLATE utf8_spanish_ci NOT NULL,
  `surname` varchar(60) COLLATE utf8_spanish_ci NOT NULL,
  `email` varchar(100) COLLATE utf8_spanish_ci NOT NULL,
  `phone` varchar(60) COLLATE utf8_spanish_ci NOT NULL,
  `address` varchar(100) COLLATE utf8_spanish_ci NOT NULL,
  `password` varchar(45) COLLATE utf8_spanish_ci NOT NULL,
  `cityId` int NOT NULL,
  `date` datetime NOT NULL,
  `status` varchar(45) COLLATE utf8_spanish_ci NOT NULL,
  PRIMARY KEY (`userId`),
  UNIQUE KEY `docNum_UNIQUE` (`docNum`),
  UNIQUE KEY `email_UNIQUE` (`email`),
  KEY `fk_user_profile1_idx` (`profileId`),
  KEY `fk_user_documentType1_idx` (`documentTypeId`),
  KEY `fk_user_city1_idx` (`cityId`),
  CONSTRAINT `fk_user_city1` FOREIGN KEY (`cityId`) REFERENCES `city` (`cityId`),
  CONSTRAINT `fk_user_documentType1` FOREIGN KEY (`documentTypeId`) REFERENCES `documenttype` (`documentTypeId`),
  CONSTRAINT `fk_user_profile1` FOREIGN KEY (`profileId`) REFERENCES `profile` (`profileId`)
) ENGINE=InnoDB AUTO_INCREMENT=78 DEFAULT CHARSET=utf8 COLLATE=utf8_spanish_ci;
/*!40101 SET character_set_client = @saved_cs_client */;

--
-- Dumping data for table `user`
--

LOCK TABLES `user` WRITE;
/*!40000 ALTER TABLE `user` DISABLE KEYS */;
INSERT INTO `user` VALUES (52,1,1069753422,1,'MIGUEL FELIPE','PEÑUELA GARZON','felipegarxon@hotmail.com','31443525','CRA 1 ESTE # 36 - 50 Terreros san mateo','1069753422',392,'2017-03-23 00:00:00','ACTIVO'),(53,1,8282698,2,'JORGE ARTURO','PARADA HURTADO','jarparada@yahoo.com','3172100418','calle 173-56-08 casa ','8282698',3,'2017-03-16 00:00:00','ACTIVO'),(54,1,52644525,2,'MARLENY','URREGO','marlenyuu@yahoo.com','3115361409','cr 8d No 191-15','52644525',3,'2017-03-09 00:00:00','ACTIVO'),(55,1,1019083169,2,'JUAN SEBASTIAN','ESTUPINAN','juanesher@hotmail.es','3115309420','CL 156A#8 27','1019083169',3,'2017-03-13 00:00:00','ACTIVO'),(56,1,52256678,2,'LINA MARIA','GARCIA','limagarve@hotmail.com','3153580143','calle 138 - 54-60 torre:4 apto:903','52256678',3,'2017-03-15 00:00:00','ACTIVO'),(57,1,52885092,2,'MONIKA ANDREA','CAMPOS','campos.monika@gmail.com','3017908919','calle144C-141A-82 bloque : 3 casa:16','52885092',3,'2017-03-15 00:00:00','ACTIVO'),(58,1,52077917,2,'CLAUDIA','CASTRO','claudiacl2007@gmail.com','3124477054','carrera 56 - 152b-60 apt 401 torre 5','52077917',3,'2017-03-30 00:00:00','ACTIVO'),(59,1,3114406374,2,'CARLOS','GONZALEZ','carloshdo.gonzalez@hotmail.com','3114406374','cra 73b -7 b01 casa1','3114406374',3,'2017-04-03 00:00:00','ACTIVO'),(60,1,20975696,2,'ANA SOFIA','FRAILE BONILLA','sofiafrayle@gimail.com','3123507520','cll 169 a -67-81 interior 1 apt 101','20975696',392,'2017-05-04 00:00:00','ACTIVO'),(61,1,5265432,2,'JOSE DANIEL','ACOSTA','gerencia@gycinmobiliarios.com','3143343238','carrera 68A-100-34 apto 701','5265432',3,'2017-05-06 00:00:00','ACTIVO'),(62,1,3002504582,2,'CAROLINA','SANCHEZ','csdecordecor@gmail.com','3002504582','calle 103a-19a-63  apt 403','3002504582',3,'2017-05-16 00:00:00','ACTIVO'),(63,1,52647449,2,'ANA MARIA','ROJAS','anarojas03@gmail.comc','3143340349','kilometro 3.5 via el rosal facatativa','52647449',3,'2017-05-23 00:00:00','ACTIVO'),(64,1,13880798,2,'ARMANDO','CERRA','arcerra@hotmail.com','3174049249','calle145c-45b-21','13880798',3,'2017-06-05 00:00:00','ACTIVO'),(65,1,3209639265,2,'SAMARY','MANRRIQUE','samary_manrique@hotmail.com','3209639265','calle 152-58c-50 torre: 3 apt:604','3209639265',3,'2017-06-05 00:00:00','ACTIVO'),(66,1,3108679092,2,'CAROLINA','ANGULO','melba.camacho@hotmail.com','308679092','carrera 50-182c- santa catlina 2','3108679092',3,'2017-06-05 00:00:00','ACTIVO'),(67,1,3108711200,2,'MARIELA','MORALES','ximediazf@msn.com','3108711200','calle 166-8d-44  torre:2  apt:302','3108711200',3,'2017-06-05 00:00:00','ACTIVO'),(68,1,80039027,2,'CARLOS ANDRES','BOTERO','psiquisbot@gmail.com','3187346694','calle 161-54-87','80039027',3,'2017-06-13 00:00:00','ACTIVO'),(69,1,320261139,2,'MARCO','RIBERO','marco.ribero@gmail.com','3202611395','cra 55-152-40 interior 9apt 201','320261139',3,'2017-06-14 00:00:00','ACTIVO'),(70,1,522270315,2,'ELIANA','DIAZ LEMUS','eliana.diazlemus@gmail.com','3204359929','cra57 -188-80 casa54','522270315',3,'2017-06-20 00:00:00','ACTIVO'),(71,1,19266602,2,'DANIEL','VERA','vacio1@correo.com','3102281415','calle 175-76-70','19266602',3,'2017-06-30 00:00:00','ACTIVO'),(72,1,51579522,2,'PIEDAD','VALENCIA','vacio2@correo.com','3108505990','sin direccion','51579522',3,'2017-06-30 00:00:00','ACTIVO'),(73,1,80850152,2,'HERNAN','LIMAS','vacio3@correo.com','3115457979','calle 160-14b-42 torre 2 apt 405','80850152',3,'2017-07-01 00:00:00','ACTIVO'),(74,1,74080397,2,'OSCAR DANILO','AMAYA','vacio4@correo.com','3202428072','sin direccion','74080397',3,'2017-07-05 00:00:00','ACTIVO'),(75,1,3138401533,2,'DIANA','CHAPETON','chapedani_93@hotmail.com','3138401533','sin direccion','3138401533',3,'2017-07-06 00:00:00','ACTIVO'),(76,1,20929929,2,'ALBA CECILIA','GARZON NARANJO','galbacecilia@hotmail.com','3112655509','CALLE 15 # 2E - 40 VILLA DE LOS SUTAGAOS','20929929',392,'2021-09-22 12:50:16','ACTIVO'),(77,1,385484,2,'JOSE','PEÑUELA','mgarzonnaranjo@gmail.com','3114529566','CRA 1E # 36 - 50','385484',261,'2021-09-23 16:31:07','ACTIVO');
/*!40000 ALTER TABLE `user` ENABLE KEYS */;
UNLOCK TABLES;
/*!40103 SET TIME_ZONE=@OLD_TIME_ZONE */;

/*!40101 SET SQL_MODE=@OLD_SQL_MODE */;
/*!40014 SET FOREIGN_KEY_CHECKS=@OLD_FOREIGN_KEY_CHECKS */;
/*!40014 SET UNIQUE_CHECKS=@OLD_UNIQUE_CHECKS */;
/*!40101 SET CHARACTER_SET_CLIENT=@OLD_CHARACTER_SET_CLIENT */;
/*!40101 SET CHARACTER_SET_RESULTS=@OLD_CHARACTER_SET_RESULTS */;
/*!40101 SET COLLATION_CONNECTION=@OLD_COLLATION_CONNECTION */;
/*!40111 SET SQL_NOTES=@OLD_SQL_NOTES */;

-- Dump completed on 2023-10-24 17:52:03
